window,ratio,trades,fees
Window 1 (2022),1.0706353112798226,319,0.14554588058555545
Window 2 (2023),0.9922708821020398,360,0.23056449875655743
Window 3 (2024-2025),0.9981650052723456,513,0.45058549330236985
