min_alloc,equity,ratio,cagr,max_dd,sharpe,trades,avg_alloc
0,0.5371628462223681,0.08744826339087625,-0.07548696824367895,-0.7794130358936117,0.48286084819826397,1498,63.39468304083841
20,1.0292328440785248,0.16755556619837494,0.00364573175257088,-0.7110885775163235,0.5680532357279282,1499,70.71574643267073
30,1.3815678176906832,0.22491448778227516,0.04166643384977475,-0.7231808177533265,0.607644812838326,1499,74.37627812858689
40,1.817042608743123,0.29580828562375144,0.07834365022362166,-0.7354122866272277,0.6450749976827868,1499,78.03680982450302
50,2.3415903788180055,0.38120285801682435,0.11344388585697285,-0.7477212094377856,0.6802805914346368,1499,81.6973415204192
60,2.956816953021848,0.4813596277643962,0.14673742476724172,-0.7600478933986858,0.7132389056693919,1499,85.35787321633535
70,3.6586148275985506,0.5956099073858111,0.1780006593412098,-0.7723351633644139,0.7439629699589638,1499,89.01840491225153
80,4.436035142314728,0.722171260101883,0.20701842221605093,-0.784528752124557,0.7724960260197644,1499,92.67893660816767
